company_name,origin,destination,weight_kg,price_rub,delivery_days_min,delivery_days_max
СДЭК,Москва,Казань,5,1240,2,3
СДЭК,Москва,Екатеринбург,5,1580,3,4
СДЭК,Москва,Новосибирск,5,1950,4,5
СДЭК,Москва,Краснодар,5,1380,3,4
СДЭК,Москва,Санкт-Петербург,5,980,2,3
СДЭК,Москва,Самара,5,1120,2,3
СДЭК,Москва,Ростов-на-Дону,5,1450,3,4
СДЭК,Москва,Уфа,5,1680,3,5
СДЭК,Москва,Пермь,5,1520,3,4
СДЭК,Москва,Воронеж,5,890,1,2
Возовоз,Москва,Казань,5,1090,,,
Возовоз,Москва,Екатеринбург,5,1320,,,
Возовоз,Москва,Новосибирск,5,1780,,,
Возовоз,Москва,Краснодар,5,1210,,,
Возовоз,Москва,Санкт-Петербург,5,850,,,
Возовоз,Москва,Самара,5,990,,,
Возовоз,Москва,Ростов-на-Дону,5,1290,,,
Возовоз,Москва,Уфа,5,1540,,,
Возовоз,Москва,Пермь,5,1380,,,
Возовоз,Москва,Воронеж,5,780,,,
